<?xml version="1.0" encoding="UTF-8"?>
<!DOCTYPE hibernate-configuration PUBLIC
        "-//Hibernate/Hibernate Configuration DTD 3.0//EN"
        "http://hibernate.sourceforge.net/hibernate-configuration-3.0.dtd">

<hibernate-configuration>
	<session-factory>
		<!-- Database connection settings -->
		<property name="connection.driver_class">com.mysql.jdbc.Driver</property>
		<property name="connection.url">jdbc:mysql://localhost:3306/rmsdb</property>
		<property name="connection.username">root</property>
		<property name="connection.password"></property>

		<property name="dialect">org.hibernate.dialect.MariaDBDialect</property>
		<property name="current_session_context_class">thread</property>
		<property name="cache.provider_class">org.hibernate.cache.internal.NoCacheProvider</property>
		<property name="show_sql">true</property>
		<property name="hbm2ddl.auto">update</property>

		<!-- Names the annotated entity class -->
		<mapping class="org.web.model.Users" />
		<mapping class="org.web.model.Admin" />
		<mapping class="org.web.model.Bill" />
        <mapping class="org.web.model.Address" />		
		<mapping class="org.web.model.CardDetails" />
		<mapping class="org.web.model.DinningTable" />
		<mapping class="org.web.model.Item" />
		<mapping class="org.web.model.Orders" />
		<mapping class="org.web.model.Waiter" />
		<mapping class="org.web.model.Bank" />
		<mapping class="org.web.model.Cart" />

	</session-factory>
</hibernate-configuration>